{"cameraMode":{"drawMode":0,"name":"Shaded","section":"Shading Mode"},"sceneLighting":true,"audioPlay":false,"sceneViewState":{"m_AlwaysRefresh":false,"showFog":true,"showSkybox":true,"showFlares":true,"showImageEffects":true,"showParticleSystems":true,"showVisualEffectGraphs":true,"m_FxEnabled":true},"in2DMode":false,"pivot":{"x":0.5973793268203735,"y":1.9262279272079468,"z":1.6737885475158692},"rotation":{"x":-0.06096915528178215,"y":-0.0687636137008667,"z":-0.004916471429169178,"w":0.9959644079208374},"size":0.121995709836483,"orthographic":false}